stage_key,stage_label,checkpoint_path,threshold,image_id,image_path,mask_path,width,height,tp,fp,fn,tn,iou,f1,precision,recall,fg_pixels,pred_pixels,fg_ratio,pred_ratio,empty_gt,num_patches,coverage_ok
daformer,DAFormer (MiT-B5),/home/jakeguan/dev/crack-detection/work_dirs/daformer_crack500_to_uav_mitb5_s0_360/iter_40000.pth,0.6,DJI_0040_JPG.rf.jnnqKrO8jgxJLCKk4cHu,images/DJI_0040_JPG.rf.jnnqKrO8jgxJLCKk4cHu.jpg,masks/DJI_0040_JPG.rf.jnnqKrO8jgxJLCKk4cHu.png,4032,3024,6395,215441,24782,11946150,0.02593079175080489,0.05055076221379929,0.028827602372924144,0.20511915835391475,31177,221836,0.0025570075638280004,0.018194063890988495,false,88,true
daformer,DAFormer (MiT-B5),/home/jakeguan/dev/crack-detection/work_dirs/daformer_crack500_to_uav_mitb5_s0_360/iter_40000.pth,0.6,DJI_0041_JPG.rf.AhEXe59McNqMV9ZJVgOI,images/DJI_0041_JPG.rf.AhEXe59McNqMV9ZJVgOI.jpg,masks/DJI_0041_JPG.rf.AhEXe59McNqMV9ZJVgOI.png,4032,3024,7905,308092,33846,11842925,0.022595850138490695,0.04419311917886334,0.025016060279053284,0.1893367823525185,41751,315997,0.0034242429610733182,0.025916756556017467,false,88,true
daformer,DAFormer (MiT-B5),/home/jakeguan/dev/crack-detection/work_dirs/daformer_crack500_to_uav_mitb5_s0_360/iter_40000.pth,0.6,DJI_0042_JPG.rf.FGMquUU7t2bAR7l6zz7k,images/DJI_0042_JPG.rf.FGMquUU7t2bAR7l6zz7k.jpg,masks/DJI_0042_JPG.rf.FGMquUU7t2bAR7l6zz7k.png,4032,3024,7959,381409,39795,11763605,0.018545401164592475,0.03641546295999744,0.02044081691356249,0.16666666666666666,47754,389368,0.003916583994708994,0.03193434009406232,false,88,true
daformer,DAFormer (MiT-B5),/home/jakeguan/dev/crack-detection/work_dirs/daformer_crack500_to_uav_mitb5_s0_360/iter_40000.pth,0.6,DJI_0043_JPG.rf.LYaR0TnwzdNslyN2ppzj,images/DJI_0043_JPG.rf.LYaR0TnwzdNslyN2ppzj.jpg,masks/DJI_0043_JPG.rf.LYaR0TnwzdNslyN2ppzj.png,4032,3024,23912,231283,86329,11851244,0.07001557723615325,0.13086833262185443,0.09370089539371852,0.2169065955497501,110241,255195,0.009041507227891156,0.020930029998110354,false,88,true
daformer,DAFormer (MiT-B5),/home/jakeguan/dev/crack-detection/work_dirs/daformer_crack500_to_uav_mitb5_s0_360/iter_40000.pth,0.6,DJI_0044_JPG.rf.J9POgzSxifXiHV9eSbmX,images/DJI_0044_JPG.rf.J9POgzSxifXiHV9eSbmX.jpg,masks/DJI_0044_JPG.rf.J9POgzSxifXiHV9eSbmX.png,4032,3024,44227,434691,141079,11572771,0.07133421613330387,0.1331689309630486,0.09234775055437465,0.23867009163221914,185306,478918,0.015198025583690267,0.0392788577622407,false,88,true
daformer,DAFormer (MiT-B5),/home/jakeguan/dev/crack-detection/work_dirs/daformer_crack500_to_uav_mitb5_s0_360/iter_40000.pth,0.6,DJI_0045_JPG.rf.y8UgQ8J8q0hP2GaO3vjM,images/DJI_0045_JPG.rf.y8UgQ8J8q0hP2GaO3vjM.jpg,masks/DJI_0045_JPG.rf.y8UgQ8J8q0hP2GaO3vjM.png,4032,3024,46871,442538,188865,11514494,0.06910334171735906,0.12927345565369686,0.09577061312726165,0.19882835035802762,235736,489409,0.019334083942218864,0.04013928584551105,false,88,true
daformer,DAFormer (MiT-B5),/home/jakeguan/dev/crack-detection/work_dirs/daformer_crack500_to_uav_mitb5_s0_360/iter_40000.pth,0.6,DJI_0046_JPG.rf.OneZ2F8Wcp0jWZxGOcmG,images/DJI_0046_JPG.rf.OneZ2F8Wcp0jWZxGOcmG.jpg,masks/DJI_0046_JPG.rf.OneZ2F8Wcp0jWZxGOcmG.png,4032,3024,24807,442535,86802,11638624,0.04476634232257319,0.08569637154094215,0.05308104129310013,0.22226702147676264,111609,467342,0.00915370488473167,0.03832944250230957,false,88,true
daformer,DAFormer (MiT-B5),/home/jakeguan/dev/crack-detection/work_dirs/daformer_crack500_to_uav_mitb5_s0_360/iter_40000.pth,0.6,DJI_0048_JPG.rf.X8fgvcAPZv8LtQn43M26,images/DJI_0048_JPG.rf.X8fgvcAPZv8LtQn43M26.jpg,masks/DJI_0048_JPG.rf.X8fgvcAPZv8LtQn43M26.png,4032,3024,3931,343108,16146,11829583,0.010823684898880736,0.021415574368864338,0.011327257167061915,0.19579618468894755,20077,347039,0.0016466318394641806,0.02846269198265726,false,88,true
daformer,DAFormer (MiT-B5),/home/jakeguan/dev/crack-detection/work_dirs/daformer_crack500_to_uav_mitb5_s0_360/iter_40000.pth,0.6,DJI_0049_JPG.rf.rTt9w3ii4FRk6UEOvzvn,images/DJI_0049_JPG.rf.rTt9w3ii4FRk6UEOvzvn.jpg,masks/DJI_0049_JPG.rf.rTt9w3ii4FRk6UEOvzvn.png,4032,3024,1976,294905,4564,11891323,0.006555092968866626,0.013024807116185103,0.006655865481455533,0.3021406727828746,6540,296881,0.0005363835348954397,0.02434894193016713,false,88,true
daformer,DAFormer (MiT-B5),/home/jakeguan/dev/crack-detection/work_dirs/daformer_crack500_to_uav_mitb5_s0_360/iter_40000.pth,0.6,DJI_0050_JPG.rf.nvLN83DlaSm8fPH0dmMS,images/DJI_0050_JPG.rf.nvLN83DlaSm8fPH0dmMS.jpg,masks/DJI_0050_JPG.rf.nvLN83DlaSm8fPH0dmMS.png,4032,3024,2866,344943,4568,11840391,0.0081333344684812,0.01613543405499897,0.008240154797604432,0.38552596179714826,7434,347809,0.0006097056878306878,0.028525844172545563,false,88,true
daformer,DAFormer (MiT-B5),/home/jakeguan/dev/crack-detection/work_dirs/daformer_crack500_to_uav_mitb5_s0_360/iter_40000.pth,0.6,DJI_0051_JPG.rf.LO7UAj3Wx3GU9KtWH7O0,images/DJI_0051_JPG.rf.LO7UAj3Wx3GU9KtWH7O0.jpg,masks/DJI_0051_JPG.rf.LO7UAj3Wx3GU9KtWH7O0.png,4032,3024,0,292791,0,11899977,0.0,0.0,0.0,nan,0,292791,0.0,0.02401349718127992,true,88,true
daformer,DAFormer (MiT-B5),/home/jakeguan/dev/crack-detection/work_dirs/daformer_crack500_to_uav_mitb5_s0_360/iter_40000.pth,0.6,DJI_0052_JPG.rf.hqZRiZFYRatF413EtUkU,images/DJI_0052_JPG.rf.hqZRiZFYRatF413EtUkU.jpg,masks/DJI_0052_JPG.rf.hqZRiZFYRatF413EtUkU.png,4032,3024,0,315078,0,11877690,0.0,0.0,0.0,nan,0,315078,0.0,0.025841384007306626,true,88,true
daformer,DAFormer (MiT-B5),/home/jakeguan/dev/crack-detection/work_dirs/daformer_crack500_to_uav_mitb5_s0_360/iter_40000.pth,0.6,DJI_0053_JPG.rf.nQ9d0IqWf65Q8UP0g0W6,images/DJI_0053_JPG.rf.nQ9d0IqWf65Q8UP0g0W6.jpg,masks/DJI_0053_JPG.rf.nQ9d0IqWf65Q8UP0g0W6.png,4032,3024,0,270339,0,11922429,0.0,0.0,0.0,nan,0,270339,0.0,0.022172077743134292,true,88,true
daformer,DAFormer (MiT-B5),/home/jakeguan/dev/crack-detection/work_dirs/daformer_crack500_to_uav_mitb5_s0_360/iter_40000.pth,0.6,DJI_0054_JPG.rf.40RTcdmHKBHAOds61PDS,images/DJI_0054_JPG.rf.40RTcdmHKBHAOds61PDS.jpg,masks/DJI_0054_JPG.rf.40RTcdmHKBHAOds61PDS.png,4032,3024,8431,235265,5856,11943216,0.033784541899083156,0.06536089587298388,0.03459638237804478,0.5901168894799468,14287,243696,0.0011717601778365666,0.019986929957168054,false,88,true
daformer,DAFormer (MiT-B5),/home/jakeguan/dev/crack-detection/work_dirs/daformer_crack500_to_uav_mitb5_s0_360/iter_40000.pth,0.6,DJI_0055_JPG.rf.9MbieIUXNvhMcQQAAWmt,images/DJI_0055_JPG.rf.9MbieIUXNvhMcQQAAWmt.jpg,masks/DJI_0055_JPG.rf.9MbieIUXNvhMcQQAAWmt.png,4032,3024,16658,278236,16415,11881459,0.053509535541857126,0.10158339101190059,0.056488094027006316,0.503673691530856,33073,294894,0.0027125095794490635,0.024185976473922902,false,88,true
daformer,DAFormer (MiT-B5),/home/jakeguan/dev/crack-detection/work_dirs/daformer_crack500_to_uav_mitb5_s0_360/iter_40000.pth,0.6,DJI_0056_JPG.rf.NiPglQcVMiJ7OEHOfaM2,images/DJI_0056_JPG.rf.NiPglQcVMiJ7OEHOfaM2.jpg,masks/DJI_0056_JPG.rf.NiPglQcVMiJ7OEHOfaM2.png,4032,3024,16293,310873,16817,11848785,0.047365712840460136,0.09044732371848249,0.04980040713277052,0.4920869827846572,33110,327166,0.002715544165196943,0.026832791372721928,false,88,true
daformer,DAFormer (MiT-B5),/home/jakeguan/dev/crack-detection/work_dirs/daformer_crack500_to_uav_mitb5_s0_360/iter_40000.pth,0.6,DJI_0057_JPG.rf.7Rq9A6jCjWCEukKBcgtq,images/DJI_0057_JPG.rf.7Rq9A6jCjWCEukKBcgtq.jpg,masks/DJI_0057_JPG.rf.7Rq9A6jCjWCEukKBcgtq.png,4032,3024,26525,450615,33827,11681801,0.051911375881417,0.0986991434291115,0.05559165024940269,0.43950490455991514,60352,477140,0.004949819433946418,0.03913303361468044,false,88,true
daformer,DAFormer (MiT-B5),/home/jakeguan/dev/crack-detection/work_dirs/daformer_crack500_to_uav_mitb5_s0_360/iter_40000.pth,0.6,DJI_0059_JPG.rf.FdKD7IM9xdF86AEUUsUZ,images/DJI_0059_JPG.rf.FdKD7IM9xdF86AEUUsUZ.jpg,masks/DJI_0059_JPG.rf.FdKD7IM9xdF86AEUUsUZ.png,4032,3024,45446,437041,129773,11580508,0.074226635742985,0.13819548552088623,0.09419113882861092,0.259366849485501,175219,482487,0.014370731896153522,0.039571572263164524,false,88,true
daformer,DAFormer (MiT-B5),/home/jakeguan/dev/crack-detection/work_dirs/daformer_crack500_to_uav_mitb5_s0_360/iter_40000.pth,0.6,DJI_0060_JPG.rf.NHxC2Z2QmMwT12b1e1Wr,images/DJI_0060_JPG.rf.NHxC2Z2QmMwT12b1e1Wr.jpg,masks/DJI_0060_JPG.rf.NHxC2Z2QmMwT12b1e1Wr.png,4032,3024,48391,163044,132446,11848887,0.14072019099630395,0.24672166251988417,0.22886939248468796,0.26759457411923443,180837,211435,0.014831496834845049,0.01734101723251029,false,88,true
daformer,DAFormer (MiT-B5),/home/jakeguan/dev/crack-detection/work_dirs/daformer_crack500_to_uav_mitb5_s0_360/iter_40000.pth,0.6,DJI_0061_JPG.rf.65hWuCcgtSf0HCdJErYx,images/DJI_0061_JPG.rf.65hWuCcgtSf0HCdJErYx.jpg,masks/DJI_0061_JPG.rf.65hWuCcgtSf0HCdJErYx.png,4032,3024,44261,122718,164527,11861262,0.13351492883990032,0.23557683351651423,0.2650692602063733,0.21199015269076768,208788,166979,0.017123921327790375,0.013694921448517678,false,88,true
daformer,DAFormer (MiT-B5),/home/jakeguan/dev/crack-detection/work_dirs/daformer_crack500_to_uav_mitb5_s0_360/iter_40000.pth,0.6,DJI_0063_JPG.rf.Kwyl7plnjSyh4AwFpgPv,images/DJI_0063_JPG.rf.Kwyl7plnjSyh4AwFpgPv.jpg,masks/DJI_0063_JPG.rf.Kwyl7plnjSyh4AwFpgPv.png,4032,3024,38188,73114,101533,11979933,0.179425376465337,0.3042589722854081,0.34310254981941024,0.27331610853057164,139721,111302,0.011459333926471823,0.009128526024607373,false,88,true
daformer,DAFormer (MiT-B5),/home/jakeguan/dev/crack-detection/work_dirs/daformer_crack500_to_uav_mitb5_s0_360/iter_40000.pth,0.6,DJI_0064_JPG.rf.uSwkWXOhEmXbH4toZm56,images/DJI_0064_JPG.rf.uSwkWXOhEmXbH4toZm56.jpg,masks/DJI_0064_JPG.rf.uSwkWXOhEmXbH4toZm56.png,4032,3024,40521,205535,78895,11867817,0.12469880074226576,0.2217461255581823,0.16468202360438275,0.3393263884236618,119416,246056,0.009794002477534224,0.020180487318384142,false,88,true
daformer,DAFormer (MiT-B5),/home/jakeguan/dev/crack-detection/work_dirs/daformer_crack500_to_uav_mitb5_s0_360/iter_40000.pth,0.6,DJI_0065_JPG.rf.p3edoZZQvd2QKH2rnOFh,images/DJI_0065_JPG.rf.p3edoZZQvd2QKH2rnOFh.jpg,masks/DJI_0065_JPG.rf.p3edoZZQvd2QKH2rnOFh.png,4032,3024,31444,243154,67414,11850756,0.09193829456276388,0.1683946703226083,0.11450920982672853,0.31807238665560705,98858,274598,0.008107921023347611,0.022521383167464517,false,88,true
daformer,DAFormer (MiT-B5),/home/jakeguan/dev/crack-detection/work_dirs/daformer_crack500_to_uav_mitb5_s0_360/iter_40000.pth,0.6,DJI_0066_JPG.rf.nu1IOWHcdmG1VpGwTyZw,images/DJI_0066_JPG.rf.nu1IOWHcdmG1VpGwTyZw.jpg,masks/DJI_0066_JPG.rf.nu1IOWHcdmG1VpGwTyZw.png,4032,3024,6635,234838,9200,11942095,0.026468746135403495,0.051572434592006465,0.027477192067021986,0.419008525418377,15835,241473,0.001298720684261359,0.019804608764802216,false,88,true
daformer,DAFormer (MiT-B5),/home/jakeguan/dev/crack-detection/work_dirs/daformer_crack500_to_uav_mitb5_s0_360/iter_40000.pth,0.6,DJI_0067_JPG.rf.aNWRYoKu1StYttikq8qS,images/DJI_0067_JPG.rf.aNWRYoKu1StYttikq8qS.jpg,masks/DJI_0067_JPG.rf.aNWRYoKu1StYttikq8qS.png,4032,3024,0,221656,0,11971112,0.0,0.0,0.0,nan,0,221656,0.0,0.018179301041404215,true,88,true
daformer,DAFormer (MiT-B5),/home/jakeguan/dev/crack-detection/work_dirs/daformer_crack500_to_uav_mitb5_s0_360/iter_40000.pth,0.6,DJI_0068_JPG.rf.gZ10x4Gb6lW9rMkCh7aS,images/DJI_0068_JPG.rf.gZ10x4Gb6lW9rMkCh7aS.jpg,masks/DJI_0068_JPG.rf.gZ10x4Gb6lW9rMkCh7aS.png,4032,3024,0,86274,0,12106494,0.0,0.0,0.0,nan,0,86274,0.0,0.00707583380574452,true,88,true
daformer,DAFormer (MiT-B5),/home/jakeguan/dev/crack-detection/work_dirs/daformer_crack500_to_uav_mitb5_s0_360/iter_40000.pth,0.6,DJI_0069_JPG.rf.WxOwzvxUj9I8ZXZzzVnv,images/DJI_0069_JPG.rf.WxOwzvxUj9I8ZXZzzVnv.jpg,masks/DJI_0069_JPG.rf.WxOwzvxUj9I8ZXZzzVnv.png,4032,3024,12356,315370,27144,11837898,0.0348183841970299,0.06729371014034954,0.03770222686024301,0.31281012658227847,39500,327726,0.0032396253254388177,0.02687872023809524,false,88,true
daformer,DAFormer (MiT-B5),/home/jakeguan/dev/crack-detection/work_dirs/daformer_crack500_to_uav_mitb5_s0_360/iter_40000.pth,0.6,DJI_0072_JPG.rf.9SQNMZKuE4VI23CGQEpx,images/DJI_0072_JPG.rf.9SQNMZKuE4VI23CGQEpx.jpg,masks/DJI_0072_JPG.rf.9SQNMZKuE4VI23CGQEpx.png,4032,3024,6105,176325,20627,11989711,0.030065449602820885,0.058375804400416904,0.03346489064298635,0.22837797396378873,26732,182430,0.0021924471949273535,0.01496214805366591,false,88,true
daformer,DAFormer (MiT-B5),/home/jakeguan/dev/crack-detection/work_dirs/daformer_crack500_to_uav_mitb5_s0_360/iter_40000.pth,0.6,DJI_0073_JPG.rf.yjeevWrKUyvEuMPSkZlN,images/DJI_0073_JPG.rf.yjeevWrKUyvEuMPSkZlN.jpg,masks/DJI_0073_JPG.rf.yjeevWrKUyvEuMPSkZlN.png,4032,3024,0,421682,6599,11764487,0.0,0.0,0.0,0.0,6599,421682,0.0005412224689258419,0.034584599657764344,false,88,true
daformer,DAFormer (MiT-B5),/home/jakeguan/dev/crack-detection/work_dirs/daformer_crack500_to_uav_mitb5_s0_360/iter_40000.pth,0.6,DJI_0074_JPG.rf.ynnXayAkKmGmjBiddifd,images/DJI_0074_JPG.rf.ynnXayAkKmGmjBiddifd.jpg,masks/DJI_0074_JPG.rf.ynnXayAkKmGmjBiddifd.png,4032,3024,82867,338101,217045,11554755,0.12988293341985194,0.22990511596937077,0.196848691587009,0.27630438261890156,299912,420968,0.02459753191400017,0.03452604035441337,false,88,true
daformer,DAFormer (MiT-B5),/home/jakeguan/dev/crack-detection/work_dirs/daformer_crack500_to_uav_mitb5_s0_360/iter_40000.pth,0.6,DJI_0075_JPG.rf.UO6fnTHfZITBPS0NdXER,images/DJI_0075_JPG.rf.UO6fnTHfZITBPS0NdXER.jpg,masks/DJI_0075_JPG.rf.UO6fnTHfZITBPS0NdXER.png,4032,3024,121386,406816,653458,11011108,0.10272498011272278,0.18631115094939088,0.22980980761148198,0.1566586306404902,774844,528202,0.06354947457378013,0.04332092597841606,false,88,true
daformer,DAFormer (MiT-B5),/home/jakeguan/dev/crack-detection/work_dirs/daformer_crack500_to_uav_mitb5_s0_360/iter_40000.pth,0.6,DJI_0079_JPG.rf.HDj5tYHdB4LI2GY8gtun,images/DJI_0079_JPG.rf.HDj5tYHdB4LI2GY8gtun.jpg,masks/DJI_0079_JPG.rf.HDj5tYHdB4LI2GY8gtun.png,4032,3024,61976,344399,97730,11688663,0.1229426409180627,0.218965130431864,0.15250938172869885,0.38806306588356104,159706,406375,0.013098420309481818,0.03332918333228353,false,88,true
daformer,DAFormer (MiT-B5),/home/jakeguan/dev/crack-detection/work_dirs/daformer_crack500_to_uav_mitb5_s0_360/iter_40000.pth,0.6,DJI_0080_JPG.rf.DfHZBe3ZRk9epFdZ92oK,images/DJI_0080_JPG.rf.DfHZBe3ZRk9epFdZ92oK.jpg,masks/DJI_0080_JPG.rf.DfHZBe3ZRk9epFdZ92oK.png,4032,3024,29821,374534,56055,11732358,0.06477053061401794,0.12166101286944318,0.07374955175526456,0.3472565093856258,85876,404355,0.0070431915049970605,0.03316351135361552,false,88,true
daformer,DAFormer (MiT-B5),/home/jakeguan/dev/crack-detection/work_dirs/daformer_crack500_to_uav_mitb5_s0_360/iter_40000.pth,0.6,DJI_0081_JPG.rf.E8FfZiF50aYwuy0HUEbe,images/DJI_0081_JPG.rf.E8FfZiF50aYwuy0HUEbe.jpg,masks/DJI_0081_JPG.rf.E8FfZiF50aYwuy0HUEbe.png,4032,3024,55221,408321,109235,11619991,0.09640924827637981,0.1758636174000554,0.11912836377286201,0.3357797830422727,164456,463542,0.013487995506844713,0.03801778234441925,false,88,true
daformer,DAFormer (MiT-B5),/home/jakeguan/dev/crack-detection/work_dirs/daformer_crack500_to_uav_mitb5_s0_360/iter_40000.pth,0.6,DJI_0082_JPG.rf.EhNIPrtvFVQuURsYI8iS,images/DJI_0082_JPG.rf.EhNIPrtvFVQuURsYI8iS.jpg,masks/DJI_0082_JPG.rf.EhNIPrtvFVQuURsYI8iS.png,4032,3024,71327,222018,262607,11636816,0.12829704722709875,0.2274171461183939,0.2431505565119569,0.21359609982810976,333934,293345,0.027387874517090786,0.024058933951667087,false,88,true
daformer,DAFormer (MiT-B5),/home/jakeguan/dev/crack-detection/work_dirs/daformer_crack500_to_uav_mitb5_s0_360/iter_40000.pth,0.6,DJI_0084_JPG.rf.IzemWlm9PNrjYqW3YJV4,images/DJI_0084_JPG.rf.IzemWlm9PNrjYqW3YJV4.jpg,masks/DJI_0084_JPG.rf.IzemWlm9PNrjYqW3YJV4.png,4032,3024,79521,228815,309692,11574740,0.12866892762140228,0.22800118701338545,0.25790371542732604,0.20431229172715198,389213,308336,0.03192162764025363,0.025288433274544386,false,88,true
daformer,DAFormer (MiT-B5),/home/jakeguan/dev/crack-detection/work_dirs/daformer_crack500_to_uav_mitb5_s0_360/iter_40000.pth,0.6,DJI_0085_JPG.rf.CuUFiHP4qxqYR9FtgCTQ,images/DJI_0085_JPG.rf.CuUFiHP4qxqYR9FtgCTQ.jpg,masks/DJI_0085_JPG.rf.CuUFiHP4qxqYR9FtgCTQ.png,4032,3024,84698,356928,390180,11360962,0.10182422343671481,0.18482843500955806,0.19178671545606463,0.17835738863455455,474878,441626,0.03894751380490468,0.03622032339170236,false,88,true
daformer,DAFormer (MiT-B5),/home/jakeguan/dev/crack-detection/work_dirs/daformer_crack500_to_uav_mitb5_s0_360/iter_40000.pth,0.6,DJI_0087_JPG.rf.mvqVa2lnl8L8AjUxMWAT,images/DJI_0087_JPG.rf.mvqVa2lnl8L8AjUxMWAT.jpg,masks/DJI_0087_JPG.rf.mvqVa2lnl8L8AjUxMWAT.png,4032,3024,93358,485002,281771,11332637,0.10853928064445997,0.195823968603728,0.16141849367176153,0.24886905571150192,375129,578360,0.03076651667611489,0.04743467603090619,false,88,true
daformer,DAFormer (MiT-B5),/home/jakeguan/dev/crack-detection/work_dirs/daformer_crack500_to_uav_mitb5_s0_360/iter_40000.pth,0.6,DJI_0089_JPG.rf.I8DW0SuN9ncRvQ0cZzap,images/DJI_0089_JPG.rf.I8DW0SuN9ncRvQ0cZzap.jpg,masks/DJI_0089_JPG.rf.I8DW0SuN9ncRvQ0cZzap.png,4032,3024,60022,560587,193031,11379128,0.07376972616882159,0.13740325205857642,0.09671467864629743,0.23719141839851732,253053,620609,0.020754352088057443,0.05089976287582934,false,88,true
daformer,DAFormer (MiT-B5),/home/jakeguan/dev/crack-detection/work_dirs/daformer_crack500_to_uav_mitb5_s0_360/iter_40000.pth,0.6,DJI_0091_JPG.rf.NptPZ1JBKEpdtB8bvk9C,images/DJI_0091_JPG.rf.NptPZ1JBKEpdtB8bvk9C.jpg,masks/DJI_0091_JPG.rf.NptPZ1JBKEpdtB8bvk9C.png,4032,3024,10822,782261,35335,11364350,0.01306345347397087,0.025790000476621704,0.013645482250911948,0.2344606451892454,46157,793083,0.003785604712564038,0.06504536131582263,false,88,true
daformer,DAFormer (MiT-B5),/home/jakeguan/dev/crack-detection/work_dirs/daformer_crack500_to_uav_mitb5_s0_360/iter_40000.pth,0.6,DJI_0092_JPG.rf.HwVfP7I5uQTZTZsAvXpb,images/DJI_0092_JPG.rf.HwVfP7I5uQTZTZsAvXpb.jpg,masks/DJI_0092_JPG.rf.HwVfP7I5uQTZTZsAvXpb.png,4032,3024,0,507990,0,11684778,0.0,0.0,0.0,nan,0,507990,0.0,0.041663222001763665,true,88,true
daformer,DAFormer (MiT-B5),/home/jakeguan/dev/crack-detection/work_dirs/daformer_crack500_to_uav_mitb5_s0_360/iter_40000.pth,0.6,DJI_0093_JPG.rf.p2Qyw5P0Kuk13IyJip3r,images/DJI_0093_JPG.rf.p2Qyw5P0Kuk13IyJip3r.jpg,masks/DJI_0093_JPG.rf.p2Qyw5P0Kuk13IyJip3r.png,4032,3024,16,483986,1456,11707310,3.2958566961508515e-05,6.591496146034597e-05,3.305771463754282e-05,0.010869565217391304,1472,484002,0.00012072730326698581,0.039695826247165535,false,88,true
daformer,DAFormer (MiT-B5),/home/jakeguan/dev/crack-detection/work_dirs/daformer_crack500_to_uav_mitb5_s0_360/iter_40000.pth,0.6,DJI_0094_JPG.rf.Se5iP5BqnTywo5R8Bgeu,images/DJI_0094_JPG.rf.Se5iP5BqnTywo5R8Bgeu.jpg,masks/DJI_0094_JPG.rf.Se5iP5BqnTywo5R8Bgeu.png,4032,3024,159,406988,4919,11780702,0.00038586051748991666,0.0007714233731578628,0.00039052234205336157,0.03131153997636865,5078,407147,0.0004164763899386915,0.03339249955383388,false,88,true
daformer,DAFormer (MiT-B5),/home/jakeguan/dev/crack-detection/work_dirs/daformer_crack500_to_uav_mitb5_s0_360/iter_40000.pth,0.6,DJI_0095_JPG.rf.1BoPn2wAUJszX0XCQpVr,images/DJI_0095_JPG.rf.1BoPn2wAUJszX0XCQpVr.jpg,masks/DJI_0095_JPG.rf.1BoPn2wAUJszX0XCQpVr.png,4032,3024,151,335532,3401,11853684,0.000445317384482901,0.0008902383303609592,0.0004498291542913999,0.042511261261261264,3552,335683,0.00029132023179642225,0.027531320205551355,false,88,true
daformer,DAFormer (MiT-B5),/home/jakeguan/dev/crack-detection/work_dirs/daformer_crack500_to_uav_mitb5_s0_360/iter_40000.pth,0.6,DJI_0096_JPG.rf.10Dz6kJy2ezvcrXQQGva,images/DJI_0096_JPG.rf.10Dz6kJy2ezvcrXQQGva.jpg,masks/DJI_0096_JPG.rf.10Dz6kJy2ezvcrXQQGva.png,4032,3024,0,51470,1301,12139997,0.0,0.0,0.0,0.0,1301,51470,0.00010670259616192156,0.0042213548227933145,false,88,true
daformer,DAFormer (MiT-B5),/home/jakeguan/dev/crack-detection/work_dirs/daformer_crack500_to_uav_mitb5_s0_360/iter_40000.pth,0.6,DJI_0097_JPG.rf.nO2IVkMZYC6nKCDzpBEU,images/DJI_0097_JPG.rf.nO2IVkMZYC6nKCDzpBEU.jpg,masks/DJI_0097_JPG.rf.nO2IVkMZYC6nKCDzpBEU.png,4032,3024,0,106322,1404,12085042,0.0,0.0,0.0,0.0,1404,106322,0.00011515022675736962,0.008720087186109012,false,88,true
daformer,DAFormer (MiT-B5),/home/jakeguan/dev/crack-detection/work_dirs/daformer_crack500_to_uav_mitb5_s0_360/iter_40000.pth,0.6,DJI_0098_JPG.rf.PtXKkL7qK8m5IRRM7hC4,images/DJI_0098_JPG.rf.PtXKkL7qK8m5IRRM7hC4.jpg,masks/DJI_0098_JPG.rf.PtXKkL7qK8m5IRRM7hC4.png,4032,3024,0,190542,1587,12000639,0.0,0.0,0.0,0.0,1587,190542,0.00013015912383471906,0.015627460474930712,false,88,true
daformer,DAFormer (MiT-B5),/home/jakeguan/dev/crack-detection/work_dirs/daformer_crack500_to_uav_mitb5_s0_360/iter_40000.pth,0.6,DJI_0099_JPG.rf.chBJRfrLzRCMHeZzQ8gX,images/DJI_0099_JPG.rf.chBJRfrLzRCMHeZzQ8gX.jpg,masks/DJI_0099_JPG.rf.chBJRfrLzRCMHeZzQ8gX.png,4032,3024,18244,149496,48753,11976275,0.08427062306864425,0.15544204790893637,0.10876356265649219,0.2723107004791259,66997,167740,0.005494814631099353,0.013757335495926766,false,88,true
daformer,DAFormer (MiT-B5),/home/jakeguan/dev/crack-detection/work_dirs/daformer_crack500_to_uav_mitb5_s0_360/iter_40000.pth,0.6,DJI_0100_JPG.rf.j5LjWKr8NgSJfJ5JAi4E,images/DJI_0100_JPG.rf.j5LjWKr8NgSJfJ5JAi4E.jpg,masks/DJI_0100_JPG.rf.j5LjWKr8NgSJfJ5JAi4E.png,4032,3024,35048,121047,54212,11982461,0.16665160931400286,0.2856921603391005,0.22452993369422466,0.3926506833968183,89260,156095,0.00732073307718149,0.012802261143654993,false,88,true
daformer,DAFormer (MiT-B5),/home/jakeguan/dev/crack-detection/work_dirs/daformer_crack500_to_uav_mitb5_s0_360/iter_40000.pth,0.6,DJI_0103_JPG.rf.NRK8JaQ6x1pmRVqBYHzv,images/DJI_0103_JPG.rf.NRK8JaQ6x1pmRVqBYHzv.jpg,masks/DJI_0103_JPG.rf.NRK8JaQ6x1pmRVqBYHzv.png,4032,3024,43,198297,12623,11981805,0.00020382721140673957,0.000407571348682028,0.00021679943531309871,0.003394915521869572,12666,198340,0.0010388125157470395,0.01626701992525405,false,88,true
daformer,DAFormer (MiT-B5),/home/jakeguan/dev/crack-detection/work_dirs/daformer_crack500_to_uav_mitb5_s0_360/iter_40000.pth,0.6,DJI_0104_JPG.rf.11ImUzczrMTnZeQMO561,images/DJI_0104_JPG.rf.11ImUzczrMTnZeQMO561.jpg,masks/DJI_0104_JPG.rf.11ImUzczrMTnZeQMO561.png,4032,3024,9586,220051,50456,11912675,0.03422434691334664,0.06618360322978194,0.041744144018603276,0.15965490823090503,60042,229637,0.00492439452632905,0.018833869388804905,false,88,true
daformer,DAFormer (MiT-B5),/home/jakeguan/dev/crack-detection/work_dirs/daformer_crack500_to_uav_mitb5_s0_360/iter_40000.pth,0.6,DJI_0108_JPG.rf.A49oDXS88TUqaRZumB5m,images/DJI_0108_JPG.rf.A49oDXS88TUqaRZumB5m.jpg,masks/DJI_0108_JPG.rf.A49oDXS88TUqaRZumB5m.png,4032,3024,27828,178848,50964,11935128,0.108011178388449,0.19496405901887426,0.13464553213725833,0.3531830642704843,78792,206676,0.006462191358024691,0.01695070389266818,false,88,true
daformer,DAFormer (MiT-B5),/home/jakeguan/dev/crack-detection/work_dirs/daformer_crack500_to_uav_mitb5_s0_360/iter_40000.pth,0.6,DJI_0109_JPG.rf.flAdigbZhkao2EaERLID,images/DJI_0109_JPG.rf.flAdigbZhkao2EaERLID.jpg,masks/DJI_0109_JPG.rf.flAdigbZhkao2EaERLID.png,4032,3024,16006,156065,32926,11987771,0.07807919140280102,0.14484871246091682,0.09301974185074766,0.3271070056404807,48932,172071,0.004013198643654993,0.014112546060090703,false,88,true
